objective_id,title,description,topic,topic_title,subtopic,subtopic_title,source_document,source_section,source_page,source_status,verification_status,atp_bullet_as_recorded,lessons,evidence_basis,reviewer
G4.MATH.2026.T1.WN.01,"Counting forwards and backwards in 2s, 3s, 5s, 10s, 25s, 50s and 100s between 0 and at least 10 000","Count forwards and backwards in 2s, 3s, 5s, 10s, 25s, 50s and 100s with whole numbers between 0 and at least 10 000.",G4.MATH.2026.T1.WN,"Whole numbers: counting, ordering, representing, place value and rounding",G4.MATH.2026.T1.WN.COUNT,Counting in steps,"DBE 2026 Annual Teaching Plan, Mathematics Grade 4 (scope and sequence); DBE CAPS Mathematics Grades 4-6 (requirements)",ATP Term 1: Whole numbers; CAPS Grade 4 Term 1 (section 3.3.1),NOT VERIFIED,indexed,pending,"Counting forwards and backwards in 2s, 3s, 5s, 10s, 25s, 50s and 100s between 0 and at least 10 000",L01,Project record docs/sources/caps/grade4-mathematics-2026-atp.md; not compared with the PDF by anyone else,REQUIRES HUMAN CURRICULUM REVIEW
G4.MATH.2026.T1.WN.02,"Ordering, comparing and representing numbers to at least four digits (ordering and comparing)",Order and compare whole numbers of at least four digits.,G4.MATH.2026.T1.WN,"Whole numbers: counting, ordering, representing, place value and rounding",G4.MATH.2026.T1.WN.ORDER,"Ordering, comparing and representing numbers","DBE 2026 Annual Teaching Plan, Mathematics Grade 4 (scope and sequence); DBE CAPS Mathematics Grades 4-6 (requirements)",ATP Term 1: Whole numbers; CAPS Grade 4 Term 1 (section 3.3.1),NOT VERIFIED,indexed,pending,"Ordering, comparing and representing numbers to at least four digits (ordering and comparing)",L03,Project record docs/sources/caps/grade4-mathematics-2026-atp.md; not compared with the PDF by anyone else,REQUIRES HUMAN CURRICULUM REVIEW
G4.MATH.2026.T1.WN.03,"Ordering, comparing and representing numbers to at least four digits (representing)",Represent whole numbers of at least four digits in different ways.,G4.MATH.2026.T1.WN,"Whole numbers: counting, ordering, representing, place value and rounding",G4.MATH.2026.T1.WN.ORDER,"Ordering, comparing and representing numbers","DBE 2026 Annual Teaching Plan, Mathematics Grade 4 (scope and sequence); DBE CAPS Mathematics Grades 4-6 (requirements)",ATP Term 1: Whole numbers; CAPS Grade 4 Term 1 (section 3.3.1),NOT VERIFIED,indexed,pending,"Ordering, comparing and representing numbers to at least four digits (representing)",L02,Project record docs/sources/caps/grade4-mathematics-2026-atp.md; not compared with the PDF by anyone else,REQUIRES HUMAN CURRICULUM REVIEW
G4.MATH.2026.T1.WN.04,Odd and even numbers to at least 1 000,Recognise odd and even numbers to at least 1 000.,G4.MATH.2026.T1.WN,"Whole numbers: counting, ordering, representing, place value and rounding",G4.MATH.2026.T1.WN.ODDEVEN,Odd and even numbers,"DBE 2026 Annual Teaching Plan, Mathematics Grade 4 (scope and sequence); DBE CAPS Mathematics Grades 4-6 (requirements)",ATP Term 1: Whole numbers; CAPS Grade 4 Term 1 (section 3.3.1),NOT VERIFIED,indexed,pending,Odd and even numbers to at least 1 000,L04,Project record docs/sources/caps/grade4-mathematics-2026-atp.md; not compared with the PDF by anyone else,REQUIRES HUMAN CURRICULUM REVIEW
G4.MATH.2026.T1.WN.05,Place value of digits in whole numbers to at least four digits,State the place value of each digit in whole numbers of at least four digits.,G4.MATH.2026.T1.WN,"Whole numbers: counting, ordering, representing, place value and rounding",G4.MATH.2026.T1.WN.PV,Place value,"DBE 2026 Annual Teaching Plan, Mathematics Grade 4 (scope and sequence); DBE CAPS Mathematics Grades 4-6 (requirements)",ATP Term 1: Whole numbers; CAPS Grade 4 Term 1 (section 3.3.1),NOT VERIFIED,indexed,pending,Place value of digits in whole numbers to at least four digits,L02,Project record docs/sources/caps/grade4-mathematics-2026-atp.md; not compared with the PDF by anyone else,REQUIRES HUMAN CURRICULUM REVIEW
G4.MATH.2026.T1.WN.06,"Rounding to the nearest 10, 100 and 1 000","Round whole numbers to the nearest 10, 100 and 1 000.",G4.MATH.2026.T1.WN,"Whole numbers: counting, ordering, representing, place value and rounding",G4.MATH.2026.T1.WN.ROUND,Rounding,"DBE 2026 Annual Teaching Plan, Mathematics Grade 4 (scope and sequence); DBE CAPS Mathematics Grades 4-6 (requirements)",ATP Term 1: Whole numbers; CAPS Grade 4 Term 1 (section 3.3.1),NOT VERIFIED,indexed,pending,"Rounding to the nearest 10, 100 and 1 000",L05,Project record docs/sources/caps/grade4-mathematics-2026-atp.md; not compared with the PDF by anyone else,REQUIRES HUMAN CURRICULUM REVIEW
G4.MATH.2026.T1.NS.01,Write number sentences describing problem situations,Write number sentences that describe problem situations.,G4.MATH.2026.T1.NS,Number sentences and the properties of operations,G4.MATH.2026.T1.NS.SOLVE,"Writing, solving and checking number sentences","DBE 2026 Annual Teaching Plan, Mathematics Grade 4 (scope and sequence); DBE CAPS Mathematics Grades 4-6 (requirements)",ATP Term 1: Number sentences; CAPS Grade 4 Term 1 (section 3.3.1),NOT VERIFIED,indexed,pending,Write number sentences describing problem situations,L06,Project record docs/sources/caps/grade4-mathematics-2026-atp.md; not compared with the PDF by anyone else,REQUIRES HUMAN CURRICULUM REVIEW
G4.MATH.2026.T1.NS.02,Solve and complete number sentences by inspection,Solve and complete number sentences by inspection.,G4.MATH.2026.T1.NS,Number sentences and the properties of operations,G4.MATH.2026.T1.NS.SOLVE,"Writing, solving and checking number sentences","DBE 2026 Annual Teaching Plan, Mathematics Grade 4 (scope and sequence); DBE CAPS Mathematics Grades 4-6 (requirements)",ATP Term 1: Number sentences; CAPS Grade 4 Term 1 (section 3.3.1),NOT VERIFIED,indexed,pending,Solve and complete number sentences by inspection,L06,Project record docs/sources/caps/grade4-mathematics-2026-atp.md; not compared with the PDF by anyone else,REQUIRES HUMAN CURRICULUM REVIEW
G4.MATH.2026.T1.NS.03,Trial and improvement,Solve number sentences by trial and improvement.,G4.MATH.2026.T1.NS,Number sentences and the properties of operations,G4.MATH.2026.T1.NS.SOLVE,"Writing, solving and checking number sentences","DBE 2026 Annual Teaching Plan, Mathematics Grade 4 (scope and sequence); DBE CAPS Mathematics Grades 4-6 (requirements)",ATP Term 1: Number sentences; CAPS Grade 4 Term 1 (section 3.3.1),NOT VERIFIED,indexed,pending,Trial and improvement,L07,Project record docs/sources/caps/grade4-mathematics-2026-atp.md; not compared with the PDF by anyone else,REQUIRES HUMAN CURRICULUM REVIEW
G4.MATH.2026.T1.NS.04,Checking solutions by substitution,Check solutions to number sentences by substitution.,G4.MATH.2026.T1.NS,Number sentences and the properties of operations,G4.MATH.2026.T1.NS.SOLVE,"Writing, solving and checking number sentences","DBE 2026 Annual Teaching Plan, Mathematics Grade 4 (scope and sequence); DBE CAPS Mathematics Grades 4-6 (requirements)",ATP Term 1: Number sentences; CAPS Grade 4 Term 1 (section 3.3.1),NOT VERIFIED,indexed,pending,Checking solutions by substitution,L07,Project record docs/sources/caps/grade4-mathematics-2026-atp.md; not compared with the PDF by anyone else,REQUIRES HUMAN CURRICULUM REVIEW
G4.MATH.2026.T1.NS.05,"Recognise and use commutative, associative and distributive properties of operations with whole numbers (commutative)",Recognise and use the commutative property of operations with whole numbers.,G4.MATH.2026.T1.NS,Number sentences and the properties of operations,G4.MATH.2026.T1.NS.PROP,Properties of operations,"DBE 2026 Annual Teaching Plan, Mathematics Grade 4 (scope and sequence); DBE CAPS Mathematics Grades 4-6 (requirements)",ATP Term 1: Number sentences; CAPS Grade 4 Term 1 (section 3.3.1),NOT VERIFIED,indexed,pending,"Recognise and use commutative, associative and distributive properties of operations with whole numbers (commutative)",L08,Project record docs/sources/caps/grade4-mathematics-2026-atp.md; not compared with the PDF by anyone else,REQUIRES HUMAN CURRICULUM REVIEW
G4.MATH.2026.T1.NS.06,"Recognise and use commutative, associative and distributive properties of operations with whole numbers (associative)",Recognise and use the associative property of operations with whole numbers.,G4.MATH.2026.T1.NS,Number sentences and the properties of operations,G4.MATH.2026.T1.NS.PROP,Properties of operations,"DBE 2026 Annual Teaching Plan, Mathematics Grade 4 (scope and sequence); DBE CAPS Mathematics Grades 4-6 (requirements)",ATP Term 1: Number sentences; CAPS Grade 4 Term 1 (section 3.3.1),NOT VERIFIED,indexed,pending,"Recognise and use commutative, associative and distributive properties of operations with whole numbers (associative)",L08,Project record docs/sources/caps/grade4-mathematics-2026-atp.md; not compared with the PDF by anyone else,REQUIRES HUMAN CURRICULUM REVIEW
G4.MATH.2026.T1.NS.07,"Recognise and use commutative, associative and distributive properties of operations with whole numbers (distributive)",Recognise and use the distributive property of operations with whole numbers.,G4.MATH.2026.T1.NS,Number sentences and the properties of operations,G4.MATH.2026.T1.NS.PROP,Properties of operations,"DBE 2026 Annual Teaching Plan, Mathematics Grade 4 (scope and sequence); DBE CAPS Mathematics Grades 4-6 (requirements)",ATP Term 1: Number sentences; CAPS Grade 4 Term 1 (section 3.3.1),NOT VERIFIED,indexed,pending,"Recognise and use commutative, associative and distributive properties of operations with whole numbers (distributive)",L08,Project record docs/sources/caps/grade4-mathematics-2026-atp.md; not compared with the PDF by anyone else,REQUIRES HUMAN CURRICULUM REVIEW
G4.MATH.2026.T1.NS.08,Understand 0 in terms of its additive property,Understand 0 in terms of its additive property.,G4.MATH.2026.T1.NS,Number sentences and the properties of operations,G4.MATH.2026.T1.NS.PROP,Properties of operations,"DBE 2026 Annual Teaching Plan, Mathematics Grade 4 (scope and sequence); DBE CAPS Mathematics Grades 4-6 (requirements)",ATP Term 1: Number sentences; CAPS Grade 4 Term 1 (section 3.3.1),NOT VERIFIED,indexed,pending,Understand 0 in terms of its additive property,L08,Project record docs/sources/caps/grade4-mathematics-2026-atp.md; not compared with the PDF by anyone else,REQUIRES HUMAN CURRICULUM REVIEW
G4.MATH.2026.T1.AS.01,Addition and subtraction of whole numbers of at least four digits,Add and subtract whole numbers of at least four digits.,G4.MATH.2026.T1.AS,Whole-number addition and subtraction,,,"DBE 2026 Annual Teaching Plan, Mathematics Grade 4 (scope and sequence); DBE CAPS Mathematics Grades 4-6 (requirements)",ATP Term 1: Whole-number addition and subtraction; CAPS Grade 4 Term 1 (section 3.3.1),NOT VERIFIED,indexed,pending,Addition and subtraction of whole numbers of at least four digits,L09,Project record docs/sources/caps/grade4-mathematics-2026-atp.md; not compared with the PDF by anyone else,REQUIRES HUMAN CURRICULUM REVIEW
G4.MATH.2026.T1.AS.02,Calculation and checking strategies: estimation,Use estimation to calculate and to check addition and subtraction of whole numbers.,G4.MATH.2026.T1.AS,Whole-number addition and subtraction,,,"DBE 2026 Annual Teaching Plan, Mathematics Grade 4 (scope and sequence); DBE CAPS Mathematics Grades 4-6 (requirements)",ATP Term 1: Whole-number addition and subtraction; CAPS Grade 4 Term 1 (section 3.3.1),NOT VERIFIED,indexed,pending,Calculation and checking strategies: estimation,L10,Project record docs/sources/caps/grade4-mathematics-2026-atp.md; not compared with the PDF by anyone else,REQUIRES HUMAN CURRICULUM REVIEW
G4.MATH.2026.T1.AS.03,Calculation and checking strategies: building up and breaking down numbers,Use building up and breaking down of numbers to add and subtract.,G4.MATH.2026.T1.AS,Whole-number addition and subtraction,,,"DBE 2026 Annual Teaching Plan, Mathematics Grade 4 (scope and sequence); DBE CAPS Mathematics Grades 4-6 (requirements)",ATP Term 1: Whole-number addition and subtraction; CAPS Grade 4 Term 1 (section 3.3.1),NOT VERIFIED,indexed,pending,Calculation and checking strategies: building up and breaking down numbers,L09,Project record docs/sources/caps/grade4-mathematics-2026-atp.md; not compared with the PDF by anyone else,REQUIRES HUMAN CURRICULUM REVIEW
G4.MATH.2026.T1.AS.04,Calculation and checking strategies: number lines,Use number lines to add and subtract.,G4.MATH.2026.T1.AS,Whole-number addition and subtraction,,,"DBE 2026 Annual Teaching Plan, Mathematics Grade 4 (scope and sequence); DBE CAPS Mathematics Grades 4-6 (requirements)",ATP Term 1: Whole-number addition and subtraction; CAPS Grade 4 Term 1 (section 3.3.1),NOT VERIFIED,indexed,pending,Calculation and checking strategies: number lines,L10,Project record docs/sources/caps/grade4-mathematics-2026-atp.md; not compared with the PDF by anyone else,REQUIRES HUMAN CURRICULUM REVIEW
G4.MATH.2026.T1.AS.05,Calculation and checking strategies: rounding and compensating,Use rounding and compensating to add and subtract.,G4.MATH.2026.T1.AS,Whole-number addition and subtraction,,,"DBE 2026 Annual Teaching Plan, Mathematics Grade 4 (scope and sequence); DBE CAPS Mathematics Grades 4-6 (requirements)",ATP Term 1: Whole-number addition and subtraction; CAPS Grade 4 Term 1 (section 3.3.1),NOT VERIFIED,indexed,pending,Calculation and checking strategies: rounding and compensating,L11,Project record docs/sources/caps/grade4-mathematics-2026-atp.md; not compared with the PDF by anyone else,REQUIRES HUMAN CURRICULUM REVIEW
G4.MATH.2026.T1.AS.06,Calculation and checking strategies: inverse operations,Use inverse operations to check addition and subtraction.,G4.MATH.2026.T1.AS,Whole-number addition and subtraction,,,"DBE 2026 Annual Teaching Plan, Mathematics Grade 4 (scope and sequence); DBE CAPS Mathematics Grades 4-6 (requirements)",ATP Term 1: Whole-number addition and subtraction; CAPS Grade 4 Term 1 (section 3.3.1),NOT VERIFIED,indexed,pending,Calculation and checking strategies: inverse operations,L11,Project record docs/sources/caps/grade4-mathematics-2026-atp.md; not compared with the PDF by anyone else,REQUIRES HUMAN CURRICULUM REVIEW
G4.MATH.2026.T1.MUL.01,Multiply one-digit numbers by numbers up to 10,Multiply one-digit numbers by numbers up to 10.,G4.MATH.2026.T1.MUL,Whole-number multiplication,,,"DBE 2026 Annual Teaching Plan, Mathematics Grade 4 (scope and sequence); DBE CAPS Mathematics Grades 4-6 (requirements)",ATP Term 1: Whole-number multiplication; CAPS Grade 4 Term 1 (section 3.3.1),NOT VERIFIED,indexed,pending,Multiply one-digit numbers by numbers up to 10,L12,Project record docs/sources/caps/grade4-mathematics-2026-atp.md; not compared with the PDF by anyone else,REQUIRES HUMAN CURRICULUM REVIEW
G4.MATH.2026.T1.MUL.02,Multiply at least two-digit by one-digit numbers,Multiply whole numbers of at least two digits by one-digit numbers.,G4.MATH.2026.T1.MUL,Whole-number multiplication,,,"DBE 2026 Annual Teaching Plan, Mathematics Grade 4 (scope and sequence); DBE CAPS Mathematics Grades 4-6 (requirements)",ATP Term 1: Whole-number multiplication; CAPS Grade 4 Term 1 (section 3.3.1),NOT VERIFIED,indexed,pending,Multiply at least two-digit by one-digit numbers,L13,Project record docs/sources/caps/grade4-mathematics-2026-atp.md; not compared with the PDF by anyone else,REQUIRES HUMAN CURRICULUM REVIEW
G4.MATH.2026.T1.MUL.03,Multiply at least a two-digit whole number by a two-digit number,Multiply a whole number of at least two digits by a two-digit number.,G4.MATH.2026.T1.MUL,Whole-number multiplication,,,"DBE 2026 Annual Teaching Plan, Mathematics Grade 4 (scope and sequence); DBE CAPS Mathematics Grades 4-6 (requirements)",ATP Term 1: Whole-number multiplication; CAPS Grade 4 Term 1 (section 3.3.1),NOT VERIFIED,indexed,pending,Multiply at least a two-digit whole number by a two-digit number,L14,Project record docs/sources/caps/grade4-mathematics-2026-atp.md; not compared with the PDF by anyone else,REQUIRES HUMAN CURRICULUM REVIEW
G4.MATH.2026.T1.MUL.04,"Strategies such as estimation, building up/breaking down, doubling/halving and inverse operations","Use estimation, building up and breaking down, doubling and halving, and inverse operations in multiplication.",G4.MATH.2026.T1.MUL,Whole-number multiplication,,,"DBE 2026 Annual Teaching Plan, Mathematics Grade 4 (scope and sequence); DBE CAPS Mathematics Grades 4-6 (requirements)",ATP Term 1: Whole-number multiplication; CAPS Grade 4 Term 1 (section 3.3.1),NOT VERIFIED,indexed,pending,"Strategies such as estimation, building up/breaking down, doubling/halving and inverse operations",L12;L13;L14,Project record docs/sources/caps/grade4-mathematics-2026-atp.md; not compared with the PDF by anyone else,REQUIRES HUMAN CURRICULUM REVIEW
G4.MATH.2026.T1.PS.01,Solve whole-number problems in financial contexts,Solve whole-number problems in financial contexts.,G4.MATH.2026.T1.PS,Problem solving in financial and measurement contexts,,,"DBE 2026 Annual Teaching Plan, Mathematics Grade 4 (scope and sequence); DBE CAPS Mathematics Grades 4-6 (requirements)",ATP Term 1: Problem solving; CAPS Grade 4 Term 1 (section 3.3.1),NOT VERIFIED,indexed,pending,Solve whole-number problems in financial contexts,L15,Project record docs/sources/caps/grade4-mathematics-2026-atp.md; not compared with the PDF by anyone else,REQUIRES HUMAN CURRICULUM REVIEW
G4.MATH.2026.T1.PS.02,Solve whole-number problems in measurement contexts,Solve whole-number problems in measurement contexts.,G4.MATH.2026.T1.PS,Problem solving in financial and measurement contexts,,,"DBE 2026 Annual Teaching Plan, Mathematics Grade 4 (scope and sequence); DBE CAPS Mathematics Grades 4-6 (requirements)",ATP Term 1: Problem solving; CAPS Grade 4 Term 1 (section 3.3.1),NOT VERIFIED,indexed,pending,Solve whole-number problems in measurement contexts,L16,Project record docs/sources/caps/grade4-mathematics-2026-atp.md; not compared with the PDF by anyone else,REQUIRES HUMAN CURRICULUM REVIEW
G4.MATH.2026.T1.FA.01,"Term 1 assignment: whole numbers (counting, ordering, representing), number sentences, whole-number addition and subtraction; completed in class within three hours","Complete the Term 1 assignment, which covers whole numbers (counting, ordering and representing), number sentences, and whole-number addition and subtraction. It is completed in class within three hours.",G4.MATH.2026.T1.FA,Formal assessment: the Term 1 assignment,,,"DBE 2026 Annual Teaching Plan, Mathematics Grade 4 (scope and sequence); DBE CAPS Mathematics Grades 4-6 (requirements)",ATP Term 1: Formal assessment; CAPS Grade 4 Term 1 (section 3.3.1),NOT VERIFIED,indexed,pending,"Term 1 assignment: whole numbers (counting, ordering, representing), number sentences, whole-number addition and subtraction; completed in class within three hours",L17,Project record docs/sources/caps/grade4-mathematics-2026-atp.md; not compared with the PDF by anyone else,REQUIRES HUMAN CURRICULUM REVIEW
